Data;CCRO3 BS Equity;JBSS3 BS Equity;LAME4 BS Equity;PETR4 BS Equity;USIM5 BS Equity
2016-01-05;0.025492152771477983;-0.04977653141705374;0.00718307124830142;-0.02765647743813693;-0.08187543736878933
2016-01-06;-0.01362349610757252;-0.09167204648160099;-0.00899511693652022;-0.041916167664670545;-0.08993902439024393
2016-01-07;-0.060269058295964184;0.05767082952584013;-0.024572095435684616;-0.02187500000000009;-0.0569514237855947
2016-01-08;-0.0042947127314373335;0.018143419410578954;0.0065802592223329626;0.0015974440894568342;0.025754884547069423
2016-01-11;-0.011310265503690298;0.019705826890439315;0.005414685684099307;-0.028708133971291794;0.017316017316017396
2016-01-12;0.028986912263693876;-0.028016643550624054;-0.019506107973203735;-0.09195402298850563;-0.041702127659574595
2016-01-13;-0.0033917467495762077;-0.02168949771689499;0.0;-0.047016274864376206;-0.10479573712255763
2016-01-14;-0.0008508224617129745;-0.01935044729677171;0.017147833076562424;0.07969639468690692;0.009920634920634885
2016-01-15;-0.029993376856845333;-0.027169062964799262;-0.01903193941389525;-0.0913884007029876;-0.0766208251473478
2016-01-18;-0.017752633632462045;0.03475690551421873;0.029940923737916236;-0.07156673114119927;0.06276595744680846
2016-01-19;0.04051638530287982;-0.022458628841607542;-0.011341415721548787;-0.029166666666666563;-0.010010010010010006
2016-01-20;-0.042374498950181194;0.0048367593712213;-0.03751318565400841;-0.049356223175965774;0.010111223458038499
2016-01-21;-0.007275264102053036;0.044624949859606966;-0.0033563942735803654;0.015801354401805856;-0.040040040040040026
2016-01-22;0.014556771408493097;-0.032734952481520474;0.004536082474226655;-0.020000000000000018;0.02085505735140769
2016-01-26;-0.01256679200474975;-0.07334259626836048;-0.0237411056376573;-0.04761904761904756;-0.02962206332992856
2016-01-27;0.052810902896081924;-0.14704937346042624;0.029504520288737845;0.08809523809523823;-0.07263157894736838
2016-01-28;0.03626499143346651;0.11175288799598171;0.016882232811436415;0.006564551422319376;-0.044267877412031864
2016-01-29;0.06493983650225021;0.15518409758301344;0.029254250903735457;0.052173913043478404;-0.01187648456057011
2016-02-01;-0.010177678109366983;-0.002835353930387141;-0.013463414634146353;-0.024793388429752095;0.1298076923076923
2016-02-02;-0.04661903102126164;-0.06588881262868918;-0.05926951476793241;-0.08898305084745761;-0.02127659574468077
2016-02-03;0.03646833013435691;0.02876036527763204;0.005816805662625324;0.04418604651162794;0.021739130434782483
2016-02-04;0.020017636684303453;0.05121926334047555;0.013795986622073597;0.05345211581291753;0.06276595744680846
2016-02-05;0.019624794674505175;-0.02756478695525577;-0.029484536082474255;-0.04016913319238913;-0.010010010010010006
2016-02-10;-0.01695777513990171;-0.019862261702764727;0.028043339706819603;-0.05066079295154191;-0.039433771486349856
2016-02-11;-0.0414869760220804;-0.02983706720977608;-0.023283047461596706;-0.01856148491879328;-0.12421052631578944
2016-02-12;-0.012237919553675813;-0.0010496483677967516;0.011636927851047307;0.05200945626477527;0.0
2016-02-15;0.037259724879292966;0.0030471787327939204;0.01610429447852768;0.015730337078651457;0.05889423076923084
2016-02-16;0.0007904444054100956;0.062434527550806695;0.019759862778730763;-0.017699115044247593;0.04426787741203175
2016-02-17;-0.002457218078104284;0.05975152829816599;0.021664536096346776;0.054054054054053946;0.0641304347826086
2016-02-18;-0.0071258907363421775;-0.035169333829549676;0.01521238063878827;-0.019230769230769162;-0.12972420837589382
2016-02-19;0.023303207513733826;0.015525554484088877;0.011222106901920048;-0.028322440087145906;0.010563380281690238
2016-02-22;0.014113776084509588;0.06561580096856878;0.039707486047854124;0.13004484304932729;0.03484320557491283
2016-02-23;-0.026297814207650205;-0.05908037782926401;-0.015301085883514198;-0.023809523809523836;0.021324354657688005
2016-02-24;-0.002367590319186208;0.0744388673169809;0.0005639097744360999;-0.010162601626016232;-0.020879120879120916
2016-02-25;-0.0008789663355893707;-0.03252534156015885;0.025299016845137468;0.004106776180698102;0.011223344556677839
2016-02-26;-0.0167150523445061;-0.035440962099125284;-0.019177914859830225;-0.004089979550102152;-0.033296337402885734
2016-02-29;0.02514091437774013;0.019741192027958876;0.02160782115947435;0.05544147843942504;0.01148105625717566
2016-03-01;0.024524349799266876;0.021859948128936768;0.01456784103376818;0.03307392996108938;0.011350737797956922
2016-03-02;0.007751937984496138;0.021482958665699714;0.009432261940522713;0.06403013182674222;0.032547699214365844
2016-03-03;0.10050718512256984;0.05634927677699886;0.006368289489346424;0.1628318584070796;0.35108695652173894
2016-03-04;-0.006989784161609891;-0.13449260752688164;0.04926370571884808;0.09893455098934534;0.07079646017699126
2016-03-07;-0.003480816831683331;0.009220615354750938;0.0227708262879045;0.020775623268698196;0.07362885048835466
2016-03-08;0.022510284871536168;0.018176572417772707;-0.003637165215474636;0.013568521031207537;0.06158152554233709
2016-03-09;-0.020648295756471535;0.06177387361858888;0.009126106194690342;0.01740294511378848;0.2392880685563612
2016-03-10;0.040772033175722866;0.03202562049639712;0.028007673335160188;0.046052631578947345;0.09893617021276602
2016-03-11;-0.021598272138228847;-0.037582966985604704;-0.06376626146299857;0.017610062893081757;-0.04307841239109389
2016-03-14;-0.004186648397655479;-0.0025078369905955356;-0.04515945330296123;-0.08529048207663781;-0.08396560445118861
2016-03-15;-0.03325179636141262;-0.07910568375684657;-0.030059044551798086;-0.10675675675675678;-0.15681943677526222
2016-03-16;-0.001265122163358945;0.04611934477379087;0.04212015003381908;0.09379727685325268;0.10936476751800894
2016-03-17;0.05351911962631628;0.059185385404045165;0.06189520887420352;0.12033195020746867;0.10389610389610393
2016-03-18;0.002104155707522315;-0.00413586765223517;0.0;0.0024691358024691024;0.0
2016-03-21;0.012523434570678615;-0.030131660334010824;0.0045563149413792026;-0.007389162561576179;0.020855614973261938
2016-03-22;-0.02607021182047109;-0.037991982507288635;0.0;0.006203473945409321;0.0015715034049239573
2016-03-23;-0.014828897338403091;0.0008523534425608492;-0.03197079484484755;-0.040690505548705236;-0.08368200836820083
2016-03-24;-0.0006947124662293191;-0.022331566994700847;-0.0027998400091423514;0.003856041131105492;0.0399543378995435
2016-03-28;0.012127298007106546;-0.011904761904761973;0.029337611735044566;0.08066581306017917;0.016465422612513603
2016-03-29;0.007784476837365606;-0.015770398667842023;-0.007849031396125472;0.005924170616113722;-0.021598272138228847
2016-03-30;0.005603937902309619;0.0008957006369427756;-0.02592156202659479;-0.005889281507656108;0.0055187637969094094
2016-03-31;-0.021613073273589856;0.031122601173312114;-0.05166753067219643;-0.010663507109004766;-0.010976948408342513
2016-04-01;0.021397783251231317;-0.018322082931533257;0.008442662779397647;0.0011976047904191933;-0.011098779134295245
2016-04-04;-0.022305953278070834;-0.07249508840864438;-0.039390471601517874;-0.09330143540669844;-0.07800224466891137
2016-04-05;0.007861877601356593;-0.00910823977970776;-0.006834284281146186;0.03298153034300788;-0.03043213633597086
2016-04-06;-0.07012847965738755;0.0010688328345447307;-0.007512626262626276;-0.03192848020434225;-0.09353421217827995
2016-04-07;0.001480384900073961;0.03128336536408294;-0.026461421029196686;0.0158311345646438;0.013850415512465464
2016-04-08;0.04188223700418825;-0.05683818200641899;0.038876184253511914;0.07272727272727275;0.14275956284153013
2016-04-11;0.011665484354063338;-0.047859495060373236;-0.05547169811320751;0.0157384987893463;0.0651524208009564
2016-04-12;0.03319049474094271;-0.007608946276227657;0.03296044746304427;0.07628128724672223;0.111672278338945
2016-04-13;0.03702586531935759;0.009874535315985034;0.014052729968413669;0.05315614617940212;0.11559818273599198
2016-04-14;-0.0020360674810936397;0.06211894627861514;0.00820036869874774;-0.03680336487907465;-0.09909502262443437
2016-04-15;0.007432235499854389;-0.010289180114805618;0.018095838587641744;0.05786026200873362;0.05022601707684582
2016-04-18;0.018081874728771874;-0.020682862770846966;-0.06007307859045019;-0.04643962848297212;-0.01434720229555253
2016-04-19;-0.013213981244671769;0.02324282042686332;-0.0169994069974303;0.04112554112554112;0.10625909752547313
2016-04-20;0.009359251259899226;-0.027847548323686855;-0.007306119713117454;-0.014553014553014387;0.09605263157894739
2016-04-22;-0.0059201141226818965;-0.04998876656931006;-0.02606347062795411;0.028481012658227778;0.03601440576230486
2016-04-25;-0.00997345196240218;0.03582830791060654;0.02537437603993342;-0.043076923076923124;-0.10390112012359987
2016-04-26;0.04160023191766915;0.01621004566210038;0.03549695740365122;0.03644158628081451;0.030172413793103647
2016-04-27;0.005775118285555214;-0.02134351831049197;0.040744368266405484;0.05997931747673224;0.07489539748953966
2016-04-28;0.010930473884469105;-0.003213957759412356;-0.005583788192483841;-0.0019512195121951237;-0.04671078240560533
2016-04-29;0.025319920618627423;-0.014163979732841891;0.0018927444794953896;0.0;0.016333197223356466
2016-05-02;-0.01668557698725226;0.02032472841957711;-0.005604534005037798;-0.0058651026392961825;-0.004017677782241824
2016-05-03;-0.0006108735491753281;-0.0295363480251859;0.00500284972452647;-0.0383480825958703;-0.07624041952400162
2016-05-04;0.005637055148057568;0.0585112657779876;-0.05116572148708254;0.014314928425357865;0.05633187772925763
2016-05-05;0.004389815627743543;-0.02217764404324085;-0.021051932527560102;-0.011088709677419262;-0.028524183546920212
2016-05-06;-0.021180742334588443;0.0;-0.04843633403432601;0.02752293577981657;-0.01276595744680864
2016-05-09;0.00954867074259802;-0.042853886482790204;-0.04591145647679473;-0.059523809523809534;-0.09008620689655156
2016-05-10;0.020821992378878607;0.05429864253393668;0.028917283120376558;0.07700421940928281;0.09900521080056834
2016-05-11;0.02219704039461412;-0.024621639936751705;0.030936819172113328;0.003917727717923425;0.02155172413793105
2016-05-12;0.020541245516791706;0.21005094951366376;0.029304029304029422;-0.044878048780487845;-0.025316455696202556
2016-05-13;-0.017763578274760383;-0.00382775119617218;-0.029154119901450892;-0.033707865168539186;-0.05627705627705626
2016-05-16;-0.0029924538121258726;0.16388088376561005;0.054490342591287266;0.030655391120507414;-0.004587155963302836
2016-05-17;-0.013310713819652875;-0.04663255199735883;0.06357376830002015;-0.02564102564102566;-0.008755760368663656
2016-05-18;-0.02142573733633113;0.0;0.00867379006913871;-0.0189473684210526;-0.060437006043700614
2016-05-19;-0.017502365184484447;-0.036100770496060974;-0.040752741774675916;-0.03862660944205998;-0.07372587827808019
2016-05-20;0.007634637870555183;-0.020477815699658675;0.032869949330908144;-0.006696428571428603;-0.026709401709401615
2016-05-23;-0.02655290102389085;-0.04089492022739771;-0.011257861635220134;-0.0449438202247191;-0.04939626783754125
2016-05-24;0.011009045648972648;-0.012332695984703768;-0.021372686215889614;0.003529411764705781;-0.022517321016166214
2016-05-25;-0.015397419891801878;0.021101539057206464;-0.008384790380240426;0.016412661195779776;0.0230360307147075
2016-05-27;-0.0019723865877712132;-0.03668594179543072;-0.017566858940744723;-0.05074971164936559;-0.022517321016166214
2016-05-30;-0.00649350649350644;-0.004821885455619124;0.014544969308780464;0.018226002430133725;-0.023626698168930926
2016-05-31;0.0032679738562091387;-0.01957876001186598;0.0013152702880443456;-0.04057279236276867;0.006049606775559546
2016-06-01;0.019685596940943295;0.031971759959657176;-0.011033758045448594;0.017412935323383172;-0.006013229104028905
2016-06-02;-0.005833333333333357;-0.008698201720093723;0.020387833709656134;0.02689486552567244;0.0356926799758015
2016-06-03;0.019418832075998704;0.05471753918958888;0.0038398958672307693;0.020238095238095166;0.05841121495327117
2016-06-06;0.006372481841852906;-0.03524023181903169;-0.020552385892116165;-0.012835472578763052;0.05518763796909476
2016-06-07;-0.013889834547558988;-0.0009688983625617542;-0.0019858343814125323;0.01891252955082723;-0.02092050209205021
2016-06-08;0.02237105572049991;0.02890117350402477;0.017775419513165858;0.0893271461716938;0.11698717948717974
2016-06-09;-0.0006078206253798957;-0.0327080780469412;-0.02450309547083751;-0.022364217252396235;-0.05260640841702546
2016-06-10;-0.01878632247601031;-0.012570648996297118;-0.03841271962054904;-0.04357298474945537;-0.10045431600201915
2016-06-13;-0.025482093663911742;0.018553241882956817;-0.011671529804085035;-0.018223234624145768;-0.01122334455667795
2016-06-14;-0.0026148409893993474;-0.031682976455769785;-0.013285533530156046;-0.03712296983758678;-0.05618615209988653
2016-06-15;-0.0059519591865655475;-0.03171903141885135;-0.004915580252190743;0.02530120481927689;0.22730006013229098
2016-06-16;0.039632190462613126;-0.0266611553167303;0.0241265750286368;-0.001175088131609825;-0.019598236158745785
2016-06-17;-0.009530339389784093;0.012634037583607594;0.022160083886752835;0.05294117647058805;0.024987506246876734
2016-06-20;0.04361068807974533;-0.0239043824701195;0.03248529612912043;0.025698324022346508;0.009751340809361242
2016-06-21;0.010413902892013827;0.010633727175080487;0.01642710472279263;0.03812636165577343;0.014485755673587564
2016-06-22;-0.018840674850653216;-0.045275799766181346;-0.0168132942326491;-0.019937040923399763;0.014278914802475118
2016-06-23;0.034725010036130044;0.06178336858510525;0.03353880824550948;0.03533190578158463;0.03237916471140312
2016-06-24;-0.020368574199805978;-0.035332354791360876;-0.015904572564612307;-0.04343329886246117;-0.07227272727272738
2016-06-27;-0.01650165016501648;0.005325508096945875;-0.018051482567611687;-0.05081081081081085;-0.014698677119059145
2016-06-28;0.006845637583892561;-0.013945945945945892;0.018383328908946117;0.04783599088838275;0.014917951268025753
2016-06-29;0.04259432075723235;0.0815700032891129;0.03551645487129362;0.03260869565217406;-0.014698677119059145
2016-06-30;-0.0053705006073779815;0.005068423720222981;0.0024543738200126786;-0.008421052631578996;-0.024863252113376588
2016-07-01;0.005399498617985499;-0.05002521432173457;0.04231276288530372;0.0424628450106157;0.05609382967873544
2016-07-04;-0.0006393453104021063;0.043104363520543476;0.0024092031560560834;0.005091649694500822;0.0193143408981169
2016-07-05;-0.0343548077538226;-0.03826972010178109;0.024394640389352906;-0.058763931104356626;-0.04263382283278083
2016-07-06;-0.022061746389293813;0.01672134617419818;0.006334682386063717;0.02260495156081821;0.019792182088075316
2016-07-07;0.01314274100670687;-0.013427708962215013;-0.016203298945036915;0.006315789473684275;-0.024260067928190132
2016-07-08;0.027883650952858607;0.03355138214813258;0.029385627110610768;0.029288702928870203;0.009945300845350502
2016-07-11;0.004228467343221354;-0.023274806043282914;0.017151079136690672;0.05284552845528445;0.01477104874446078
2016-07-12;-0.016194856513571332;-0.00940635451505012;0.0095626096305097;0.027992277992278103;0.02911208151382816
2016-07-13;-0.017712517284519613;0.04610677358092419;-0.03116242573702488;-0.00187793427230043;0.009429514380009385
2016-07-14;0.0024802252312643436;-0.018053454362077503;0.036792780284623294;0.02822201317027262;0.009341429238673538
2016-07-15;0.04152457372116358;0.029580936729662888;0.0027340698582747347;0.008234217749313766;0.08283202221193875
2016-07-18;-0.0017976373908578092;-0.00598563447725442;-0.0032830671637639197;0.048094373865698925;0.07649572649572667
2016-07-19;0.02559814767172619;0.06764351665997581;-0.0033497096918266855;0.019913419913419883;-0.04366812227074246
2016-07-20;0.02966261131318193;-0.029798834367362304;0.006665919784897945;0.00339558573853993;0.029057700290577193
2016-07-21;0.018576039953712042;0.013467687239608672;0.001112904123309777;0.002538071065989689;0.10044372730939877
2016-07-22;-0.009985649366180405;-0.011376673040153107;-0.006058584847979498;0.0075949367088608;0.02565982404692102
2016-07-25;-0.0010871534698313479;0.007639493279180121;-0.005536293479476595;0.007537688442211143;0.021086490350250342
2016-07-26;-0.0033859362718423602;-0.015163147792706333;-0.01006579317325551;-0.012468827930174453;0.059502975148757464
2016-07-27;0.0;0.004774897680764001;0.0366394001363326;-0.031144781144781253;0.088866864882722
2016-07-28;0.021355335800521846;0.0058190282222869705;-0.00761685571812154;-0.006081668114682914;0.023968446601941862
2016-07-29;0.030294030294030216;0.042040304695786235;0.04991717283268904;0.037587412587412494;0.10637037037037045
2016-08-01;-0.0037474776592676395;0.011011381511982998;0.010413379615020535;-0.05223251895534953;0.02383502945902527
2016-08-02;-0.013425925925926063;-0.013637195680029413;-0.017541120133250043;0.009777777777777663;-0.05990060162176303
2016-08-03;0.024460347254809944;0.021156165908880142;0.0084238410596027;0.04753521126760574;0.0971062882582081
2016-08-04;0.007443458345261833;0.01808268968650606;0.006777345802248647;0.009243697478991564;0.0
2016-08-05;0.007899971582836285;-0.023027490182077948;0.003078849866931188;-0.029975020815986686;-0.02536139994927722
2016-08-08;-0.04387053118303841;0.02439247213594009;-0.028404952658412363;0.022317596566523656;-0.04657819411917763
2016-08-09;-0.018046709129511784;-0.016766253455810065;0.004819019061897523;-0.0025188916876573986;0.032478165938864656
2016-08-10;-0.02444444444444449;0.0027210884353741083;-0.021741447298305294;-0.026936026936026924;-0.03409992069785883
2016-08-11;0.026226682263128964;0.0027137042062417294;0.03840287613029725;0.04671280276816603;0.030103995621237
2016-08-12;-0.021117043613894104;-0.013441587731168325;0.046372554162513735;-0.008264462809917328;-0.015940488841657996
2016-08-15;-0.005699577128148503;0.011795903438185817;0.014939589913270268;0.025833333333333375;0.05912526997840173
2016-08-16;0.006286982248520756;-0.028739267962042403;-0.02059767843912086;0.01462225832656383;-0.01784348712719863
2016-08-17;0.00961656253828247;0.014794826463199184;-0.019013516239661077;0.021617293835068052;0.010381520892810858
2016-08-18;0.011284353576411998;0.005501558774986037;-0.042876972906277344;0.009404388714733702;-0.007706139224248565
2016-08-19;-0.004499370088187571;0.05690315520700362;0.013321158081323281;-0.006987577639751663;-0.010354646647683152
2016-08-22;-0.027901651199228716;-0.0025884383088868868;-0.036840710310097946;-0.03440187646598902;-0.05990060162176303
2016-08-23;0.0069431529353418675;0.02491349480968852;0.019097413318656997;0.025910931174089047;0.03338898163606019
2016-08-24;0.014775595641199457;0.004220121539500354;0.024139979478317253;-0.02131018153117592;-0.08050619278406035
2016-08-25;-0.0084329308985015;0.005799293998991484;-0.01571398439147853;0.010483870967741948;-0.02049780380673505
2016-08-26;-0.007892804698972133;0.02239491936157756;0.01119682845815917;0.0015961691939345712;0.06547085201793723
2016-08-29;0.002281837804501974;0.02100531262770744;0.03258278145695348;0.02549800796812729;-0.041806958473625144
2016-08-30;-0.0028304208712773837;0.004803073967339033;-0.0025141097998974127;0.017094017094017255;-0.014641288433382083
2016-08-31;-0.025175860792299165;-0.012667304015296255;-0.01790031376986778;-0.018334606569900713;0.026745913818722045
2016-09-01;0.04335991897708569;0.0;0.011470172314460791;0.011673151750972721;-0.00868306801736618
2016-09-02;0.039373900382212;-0.003953844912450655;0.023612261806130963;0.04384615384615387;0.10160583941605839
2016-09-05;-0.002743404155965523;-0.10045366169799097;0.007031566167543524;0.01915991156963881;0.01590246488205671
2016-09-06;0.005443371378402118;-0.016930835734870198;-0.0019591098608530144;0.010845986984815648;0.013044612575006553
2016-09-08;-0.017231342414716466;0.07356174422865513;0.011475739883229474;0.017167381974249052;0.03579706412567618
2016-09-09;-0.0438929036843978;-0.012714395426230873;-0.030652866242038224;-0.04992967651195501;-0.0469915464942815
2016-09-12;0.02063069202651646;-0.004235090751944615;-0.0071355236139629685;0.032568467801628476;0.010435690060005332
2016-09-13;-0.05226417384970261;0.014582067528860376;-0.02000930665425782;-0.06738351254480279;-0.07720113607022994
2016-09-14;-0.0017933773137769338;-0.0017110103516125852;-0.009918750659491549;0.00768639508070712;-0.005595970900951208
2016-09-15;0.0012191209496310584;0.016196760647870345;0.019023766386017327;0.030511060259344136;-0.005346088913899871
2016-09-16;-0.005960010253781123;0.0033732501264969184;-0.026983213930868666;-0.025906735751295318;-0.03677510608203671
2016-09-19;0.001805170524144195;0.0;0.008545171172139376;-0.008358662613981771;-0.01468428781204123
2016-09-20;-0.012549070081729896;0.011598587997982746;-0.00532878610252574;0.0344827586206895;0.008941877794336861
2016-09-21;-0.005995828988529683;0.004985044865403854;0.033536912032572586;0.01185185185185178;0.07355982274741502
2016-09-22;0.03219249934434831;0.0;0.008241758241758212;0.02489019033674955;-0.011007154650522821
2016-09-23;-0.005907387410277631;0.0024801587301586103;0.0005141123849672358;-0.02214285714285713;-0.011129660545353248
2016-09-26;-0.017763578274760383;-0.031090219363351435;0.002517856225271231;-0.02118334550766976;-0.01097355092853125
2016-09-27;0.006049960967993817;0.006723976508638874;0.005074320861096826;-0.020895522388059806;-0.028449502133712667
2016-09-28;0.03174911089557053;0.013442678390260365;0.032434086388902994;0.055640243902439046;0.06412884333821367
2016-09-29;-0.025570318375532697;-0.025694502377575645;-0.02109162756236105;-0.030324909747292406;0.0
2016-09-30;0.008940056598919499;0.003424950766332646;0.01150469270360266;0.01042442293373047;-0.032746285085305415
2016-10-03;0.014725568942436373;0.023722160593907304;0.020303302404469648;0.029476787030213725;0.011095305832147906
2016-10-04;0.005842442517904223;0.0008335417187630423;-0.0038625140566176386;0.0035790980672869566;0.002813731007315745
2016-10-05;0.004621822497033357;0.06188056966769384;0.003877490919799831;0.039942938659058624;0.03928170594837255
2016-10-06;-0.016661485856387936;-0.025647058823529356;0.0005867109959418748;0.03566529492455417;-0.018898488120950296
2016-10-07;0.015173547448947167;-0.01432826209450222;0.002882970925971229;0.01059602649006619;0.027517886626307053
2016-10-10;-0.0080338793049759;0.015353205389955216;-0.006772558955369323;0.03079947575360431;0.008034279592929794
2016-10-11;0.004080863887493624;0.0024129333226090566;0.0019622271277899284;-0.021614748887476165;-0.018597236981934162
2016-10-13;-0.023197648971425067;-0.005616625210623338;0.0038678090575274826;0.02404158544509416;-0.04304277206280449
2016-10-14;-0.0011522212264755138;0.015250544662309462;0.0009754194303550623;0.03172588832487322;0.0025459688826026117
2016-10-17;0.038579851320174274;0.0007947862025114993;0.007259793412590199;0.03936039360393595;0.0056433408577878375
2016-10-18;0.022831050228310668;-0.008735705209657052;0.034634547477385924;0.030769230769230882;0.019640852974186274
2016-10-19;-0.012306949806949796;-0.007130267585322758;-0.013932395156388666;0.01148105625717566;0.008255365987892116
2016-10-20;-0.010139262154898576;-0.03518115064956018;-0.013228391256934202;0.006810442678774065;0.01091703056768556
2016-10-21;0.007960014809329952;-0.006607008446934848;0.014847203536421105;0.01183765501691103;0.06452483801295905
2016-10-24;-0.010162228344046564;0.004967166189594252;0.0023199659107051573;0.013927576601671321;0.030180065939639844
2016-10-25;-0.0006184674376894517;-0.020775739297981044;-0.016910722720831384;-0.01098901098901095;0.0246184145741013
2016-10-26;-0.0005569651587350455;-0.11446659252288482;-0.003315394964443663;0.005555555555555536;-0.016818837097549277
2016-10-27;-0.009721362229102026;-0.04212153415128972;-0.0033746324061127986;-0.0005524861878454246;0.012218963831867269
2016-10-28;0.00806602888763841;-0.025012607160867284;-0.011996323707251011;0.0;0.11298889425398362
2016-10-31;-0.00341148740851005;-0.004137788352125749;0.007294981640146858;-0.022111663902708578;-0.026030368763557465
2016-11-01;-0.04095350718864754;0.0031162355874103653;-0.03815495285311554;-0.04691916336913515;-0.053229398663697025
2016-11-03;-0.028814329288078477;-0.02982292637465056;-0.013088079235939132;-0.04329774614472126;-0.06304398964949431
2016-11-04;0.030270631473438003;-0.03596968726651717;-0.002508960573476715;-0.008679479231246012;-0.03012804418779813
2016-11-07;0.030029835257491255;0.0647697077059346;0.03110723268826021;0.07629768605378362;0.09034429200103533
2016-11-08;0.0029595113657829852;-0.027867318290527243;0.007417732862050164;-0.009877977919814152;0.006885090218423429
2016-11-09;-0.028503264691110086;-0.032837736656326943;-0.020112670488238837;-0.022887323943661997;0.004715868898844677
2016-11-10;-0.05131187798888459;0.014266755142667398;-0.06419890060013111;-0.06906906906906896;-0.007040600797934782
2016-11-11;-0.08215258855585827;-0.01624686511830764;-0.08460875188618233;-0.09612903225806457;-0.07752304419758915
2016-11-14;0.028870417099599255;0.020948791842163583;-0.01171553043683038;-0.0007137758743753775;0.07660773763771456
2016-11-16;0.0404674312919282;0.02790142221257197;0.011258712098647816;0.052857142857142936;-0.06163731556401708
2016-11-17;-0.013172490293954509;0.06812420785804818;-0.024033930254476754;-0.030529172320217124;-0.005072279989855488
2016-11-18;-0.01201348882956299;-0.004944131316127698;-0.016175760502172953;0.016095171448565537;0.012745347947998864
2016-11-21;0.013510630733129414;-0.029514061413097537;0.007914110429447785;0.07300275482093666;0.024918197835388955
2016-11-22;0.02666105381323214;-0.01013721073110796;-0.0017651713433562977;0.0224646983311938;0.02946954813359537
2016-11-23;-0.0357411330554227;0.007137684907417174;-0.02426829268292685;-0.005021971123666091;0.07585877862595414
2016-11-24;0.01013465627214738;0.00102711585866877;0.0;-0.017034700315457396;-0.026385809312638564
2016-11-25;-0.0026661053813232805;0.0;-0.009311336082989619;-0.01797175866495504;0.006832156684126733
2016-11-28;0.0006331340133662877;0.0061563718448593985;0.020690090203747014;0.010457516339869244;0.031440850486315286
2016-11-29;-0.04204161979752541;-0.016214562512747333;-0.012916383412644561;-0.05174644243208282;-0.06118421052631595
2016-11-30;0.025759577278731793;0.0031097750596038587;0.019283746556473913;0.09140518417462484;-0.03480495211399204
2016-12-01;-0.07948772984188313;-0.07068306293272697;-0.048832923832923925;-0.03500000000000003;-0.03146176185866412
2016-12-02;0.009560080833203921;0.06393861892583108;-0.005101711333548531;0.025259067357513043;-0.012243878060969493
2016-12-05;0.011702209561937016;-0.03835702341137115;-0.019992210826950574;-0.010739102969046121;0.01745509739438411
2016-12-06;0.017350277756639443;0.1907401369416366;0.05331832030732553;0.03128991060025532;-0.007458975634012988
2016-12-07;0.05969032837160593;0.03614457831325302;0.05061937999119648;-0.017956656346749145;0.03757515030060121
2016-12-08;-0.02548175337050884;-0.025281888653981732;-0.012508977735216642;-0.010088272383354413;-0.00965717044905845
2016-12-09;0.01999130812690142;-0.012562132851333008;-0.017455603369901262;-0.007643312101910826;-0.029010238907849928
2016-12-12;-0.014202528049993002;-0.018121911037891292;-0.01289248041453328;0.0012836970474967568;-0.020085362791865458
2016-12-13;0.021898861835470518;0.030480984340044648;0.022997125359330184;-0.009615384615384692;0.010248526774276234
2016-12-14;-0.014732835189623539;-0.01709633649932163;-0.06194257788637758;-0.0459546925566342;-0.027897539944204852
2016-12-15;-0.0006439150032195862;-0.003589177250137965;0.0;0.00746268656716409;0.051917558048525825
2016-12-16;-0.006156930126002269;0.02290569871617243;0.02005730659025784;-0.0060606060606061;-0.019593253968254065
2016-12-19;-0.009580752053018227;-0.009029345372460473;-0.010789070480081708;-0.027100271002710064;-0.022767518340500836
2016-12-20;0.0013819186849952647;0.019954441913439647;0.01155211358502739;-0.0006963788300835549;0.012943308309603996
2016-12-21;0.04350668216153397;0.015008040021440072;0.02851856577772094;-0.0006968641114982743;0.027855865065167462
2016-12-22;0.013851186747407152;0.0017602534765006617;-0.005520749333167818;-0.023012552301255207;-0.019641969169567397
2016-12-23;-0.0026088150487436623;-0.006940783693551111;0.026010479041916224;0.016416845110635236;-0.002536139994927744
2016-12-26;0.008535242290748757;0.0069892948774661345;0.01209799987841187;0.012640449438202195;0.012712941774726705
2016-12-27;-0.007780507780507762;-0.01484800562291344;0.008950024026910253;-0.0006934812760055475;0.024855636454933494
2016-12-28;0.008460586050350827;0.01507179167038264;0.0029767220336964773;0.025676613462872977;-0.007349338559529683
2016-12-29;0.03437691835481882;-0.006940783693551111;0.0029085297085533757;0.006089309878213767;0.007403751233958644
2017-01-02;-0.010682492581602365;-0.00875873661859683;-0.02172111742424243;-0.014122394082044298;-0.004899559039686308
2017-01-03;0.03805905485569561;0.013209568011424366;0.01621392703732827;0.05729877216916779;0.05145248645987199
2017-01-04;0.006677796327211993;0.0;-0.0017860332202179752;0.0;0.06064153594006094
2017-01-05;-0.0017859420844495988;-0.0026427061310783095;0.0026838432635534204;0.016129032258064502;0.011037527593819041
2017-01-06;-0.014568690095846604;0.007065889418830684;-0.0023792529145849617;-0.005714285714285672;-0.028384279475982543
2017-01-09;0.010439631694981077;0.008682687247851373;-0.0011924636298592528;-0.021072796934865856;0.006741573033707926
2017-01-10;0.001861002374382359;0.03877923658812277;0.0011938872970391756;0.009784735812133016;0.004464285714285587
2017-01-11;-0.035357417371252864;-0.005775508495856618;-0.02373002623419984;0.011627906976744207;-0.019777777777777894
2017-01-12;0.01958831341301459;0.004967166189594252;0.07353120801270308;0.015325670498084198;0.02471094989798228
2017-01-13;-0.0012373819602735647;-0.020775739297981044;0.0;-0.01383647798742138;0.0022123893805310324
2017-01-16;-0.014866979655712043;-0.027975019248866473;0.010752076459210391;0.0044642857142858094;0.05055187637969105
2017-01-17;-0.009465184008472405;0.023587396585108333;-0.0028142061124557527;0.004444444444444473;-0.012607690691321838
2017-01-18;-0.034881389909789506;0.012811693895098841;-0.004458994186374521;-0.0018963337547408532;-0.01894020004256214
2017-01-19;0.018417226338018455;0.010102725188895434;-0.0034017462297314394;-0.001266624445851794;-0.010845986984815537
2017-01-20;0.004487048745666078;0.006639771390149596;0.017578791671407412;0.014584654407102216;0.05241228070175441
2017-01-23;0.025109983079526277;-0.011605577356600283;0.01610107899591884;-0.0006249999999999867;0.08293394457178582
2017-01-24;-0.03136141555526217;0.007518161851664207;-0.021348005502063394;0.0031269543464664817;-0.01327689051375791
2017-01-26;0.024606366300865767;-0.00494675945334111;-0.016810029797042714;-0.014962593516209433;-0.02145085803432145
2017-01-27;-0.020223523150612044;-0.0025278058645097357;-0.006804666056724584;-0.0113924050632912;0.02969310482263854
2017-01-30;-0.01419065725149371;0.0008447372867039782;-0.030398986700443276;-0.049935979513444306;-0.03077220824462934
2017-01-31;0.015014808182381767;-0.004220121539500354;-0.011222611483878597;0.0121293800539084;0.04373003194888181
2017-02-01;0.0;0.03619257501271389;0.0012010569300984208;0.0;0.0
2017-02-02;0.03806744927732919;0.013742331288343568;-0.014935220729366705;-0.008655126498002597;-0.0057394298832983415
2017-02-03;0.0024839848346189797;-0.0031469377874607796;0.03032332704134455;0.030221625251846795;-0.005772561092938333
2017-02-06;-0.005542514345331262;-0.03375424963574547;-0.0052597364221972365;-0.024771838331160256;-0.01722469518095593
2017-02-07;0.010556684807553784;-0.012482198207254713;0.0017229087452470537;-0.017379679144385096;-0.003938558487593613
2017-02-08;0.01790812354009863;0.005089921954530174;-0.0005930846331771988;0.027210884353741527;0.003954132068011207
2017-02-09;0.006629270780214025;-0.0033760972316003723;0.0017803097739006457;-0.0033112582781456013;-0.003938558487593613
2017-02-10;0.03970364741641341;0.012618563685636852;0.0023695278715716306;0.03521594684385376;0.05713720838275993
2017-02-13;0.03879651623119562;0.007443338630090945;0.0;0.0025673940949935137;0.012904432391995568
2017-02-14;0.00832551594746711;-0.011539100116221057;-0.011760534247384768;0.012804097311139628;0.0018463810930575697
2017-02-15;0.01104779625537855;0.015873015873015817;-0.03570147111589528;0.0012642225031604948;0.012900847769996338
2017-02-16;0.008224062571888568;-0.0016534391534390736;0.006139534883720987;0.0012626262626262985;-0.01091703056768567
2017-02-17;0.005418972106554287;-0.010682345147399963;0.028229783037475142;-0.015762925598991173;-0.0018395879323030995
2017-02-20;-0.0027232497446953996;-0.009960659579810849;0.026255844622947055;0.01985906470211396;0.0
2017-02-21;0.0027306860848790304;-0.002536354413256614;-0.017406542056074836;0.010678391959799027;-0.007371913011426479
2017-02-22;0.020481107454896064;-0.008391252754704204;0.001129473308762341;-0.02423865755127408;-0.02395098403267737
2017-02-23;-0.049146605882025685;0.008462261731772003;0.0;-0.008917197452229186;-0.04736541753851997
2017-02-24;0.005028357598082067;-0.016782505509408407;-0.030698889614630964;-0.024421593830334265;-0.01996805111821076
2017-03-01;0.02984466810169284;0.005172413793103514;0.015253614310217989;0.022397891963109373;0.01629991850040735
2017-03-02;-0.027906451248446484;-0.0034305317324185847;-0.0030169552887227002;-0.026417525773195893;-0.00801924619085792
2017-03-03;0.00493956299395637;-0.011101549053356252;0.0012104339405676345;0.013898080741231;0.04426030719482599
2017-03-06;-0.010987104608801146;-0.04055347663388731;0.03185637429728594;-0.01436031331592691;-0.013353977162763653
2017-03-07;-0.009413553177805123;-0.0009070294784579991;-0.012243702401874557;0.005298013245033095;-0.029423303256178812
2017-03-08;-0.018533821272577078;0.012619155696776962;-0.04958187533361025;-0.04150197628458496;-0.042239288601455205
2017-03-09;-0.007998556651431232;0.0;-0.018595943837753426;-0.003436426116838587;0.016881198565098066
2017-03-10;0.040921491361018525;0.010668818361126098;-0.019011890379601937;-0.013103448275862073;-0.04129487445528113
2017-03-13;-0.005008736167734562;0.02199946775481254;0.023204563131967726;0.00419287211740027;0.01709956709956706
2017-03-14;-0.02388199484898157;0.0026039406301536783;-0.016343595591029936;-0.05427974947807934;-0.014683975313896536
2017-03-15;0.011393619573039082;0.021383430006060022;0.01983513652756308;0.04488594554819714;0.0516198704103672
2017-03-16;0.011798885331436137;0.00762841159518568;0.010671886840111;-0.03450704225352097;-0.036968576709796586
2017-03-17;-0.011661295048344678;-0.10598923283983852;-0.026741643236488533;-0.040116703136396814;-0.059287694604393315
2017-03-20;0.0;0.007527286413248069;0.015985106246388936;0.033434650455927084;0.008841532532305685
2017-03-21;-0.019743863393809957;-0.0037355248412402897;-0.026412233034247556;-0.044117647058823484;-0.07370786516853944
2017-03-22;-0.0045968668723159745;0.017622797150356195;0.0064901349948078835;0.05076923076923068;0.014556040756914301
2017-03-23;0.006927143464787067;-0.010869565217391353;0.020505545524890367;-0.0065885797950219205;-0.00717360114777621
2017-03-24;0.021785046164986888;0.01098901098901095;0.012574244913433397;-0.0066322770817980325;-0.028901734104046284
2017-03-27;0.010099220411056153;-0.017317612380250647;-0.002496099843993682;0.021513353115726996;0.08655753968253976
2017-03-28;-0.009998245921768234;-0.019497562804649315;0.023709727869878128;0.013071895424836555;-0.013695503309746782
2017-03-29;0.015178360500826882;-0.006596558317399692;0.0006110975311659494;0.03584229390680993;0.023142791020597242
2017-03-30;0.007737506544883255;-0.0172264459628525;-0.0018321729571270096;0.0;-0.004523863379326087
2017-03-31;-0.009871839279528838;-0.008715236976106544;-0.0036710719530104186;0.0027681660899654403;0.004544421722336045
2017-04-03;0.0016325578683458186;-0.003951397806974177;-0.006693687054777575;0.012422360248447228;-0.015833521827640862
2017-04-04;-0.009954013621281788;-0.013785579688584848;-0.008655332302936691;0.012269938650306678;-0.013789933348655414
2017-04-05;-0.002763405456255863;-0.026850362027353136;-0.00742126598066728;-0.01885521885521879;-0.04637613609881164
2017-04-06;-0.014032191498142721;-0.0266611553167303;-0.0056546871073134275;-0.0027453671928621137;-0.04130009775171051
2017-04-07;0.01363391735932562;0.042042679689988205;0.015733602931884194;0.011699931176875511;0.020137649757838272
2017-04-10;0.0005899356970089364;0.017218543046357615;0.0;0.01632653061224487;0.009995002498750738
2017-04-11;-0.015152408466481804;0.03776041666666674;-0.0012441679626749025;-0.01740294511378848;-0.02201880257298372
2017-04-12;0.016582854406130387;-0.028761702538365075;-0.014263469324197975;-0.002043596730245234;-0.04553503668100167
2017-04-13;-0.02944467345857138;0.0049686972075919655;-0.016365474535574354;-0.03890784982935158;-0.023588656241717465
2017-04-17;0.02044778836235661;0.013744685058835193;0.026273527333461777;0.014204545454545414;0.07844733984799124
2017-04-18;-0.012605541681531718;-0.0135583300819353;0.00995242864296464;-0.012605042016806678;-0.007550969041026923
2017-04-19;-0.015596772250993651;-0.004944131316127698;-0.012333436628447547;-0.03546099290780147;0.0
2017-04-20;0.006484370220835478;-0.01083175991255092;0.024347389558233123;0.020588235294117796;0.02003550595992909
2017-04-24;0.006989606758645905;0.02089612216194503;0.015866209262435538;0.01080691642651277;-0.0024863252113378476
2017-04-25;-0.005251086431675489;0.02155087581184789;0.0023518060664535767;0.022095509622238163;0.004985044865403854
2017-04-26;0.002366361264486194;-0.002889895000481757;0.0030080616051018083;-0.023709902370990243;0.054315476190476275
2017-04-27;0.0005447941888621077;0.002898270698483252;-0.00953694817658346;-0.01928571428571424;-0.027993413314514437
2017-04-28;0.029100369048339347;-0.01916963683652828;0.015079028644098491;0.017479970866715266;0.02637947725072598
2017-05-02;0.018048206937095745;0.0794539383225299;0.07361889989261416;0.0014316392269146938;0.03536901674133475
2017-05-03;-0.017150776693422687;-0.0045491765990355315;-0.0027783951989329703;0.012151536812008645;-0.038715554543384156
2017-05-04;-0.015276145710928168;-0.032720957864911804;-0.02384932575504295;-0.039548022598870136;-0.051883439943141485
2017-05-05;-0.004594272076372419;0.005669469904564073;-0.005651330060509219;0.04485294117647065;0.03998000999500251
2017-05-08;0.0080920697716238;-0.0009395847035611471;-0.00861128652620713;-0.009148486980999349;-0.01922152811148492
2017-05-09;0.028540849090260334;0.03366876704598898;-0.0005211650935199597;0.0042613636363637575;0.02204801567858894
2017-05-10;0.01109954908081856;0.03621144572832313;0.038006952491309365;0.04172560113154167;0.026126558005752587
2017-05-11;-0.002744425385934668;-0.013082799192202899;-0.014958696137530758;0.006109979633401208;-0.00467180565288472
2017-05-12;0.021499828001376065;-0.02927046263345201;-0.03275158658204891;0.04251012145748989;-0.032621450363764404
2017-05-15;0.024807767862154106;-0.016405462377417357;-0.002870533099004091;0.014886731391585695;0.06040756914119383
2017-05-16;0.0015882578454460283;-0.08619083115915016;-0.001175019094060259;0.0012755102040815647;0.02493708533516359
2017-05-17;-0.025207786526684317;-0.036504537575201446;-0.004117404858537732;-0.00573248407643312;-0.022098214285714346
2017-05-18;-0.14287316991080945;-0.0968356439834902;-0.15344634103124455;-0.15759128763613062;-0.1613786806665145
2017-05-19;0.04404450261780113;0.015116006561987305;0.003488453219842258;0.03574144486691999;0.05688622754491024
2017-05-22;-0.03855074280699555;-0.3134018238485513;-0.03045261767364238;-0.01615271659324513;-0.002575328354365136
2017-05-23;0.02255835180597221;0.09532616005379957;0.030692004302617315;0.006716417910447747;0.030725535760392386
2017-05-24;0.03615149196633527;0.02287029930928619;0.008279412787866258;0.03335804299481082;0.01002004008016022
2017-05-25;-0.018337333087194763;0.22539015606242518;-0.0054512834667402865;-0.014347202295552308;0.004960317460317443
2017-05-26;0.024697549050335388;-0.06086211119275042;0.031083050024283576;-0.004366812227074246;-0.0024679170779861037
2017-05-29;-0.013519300177402549;-0.0013039509714435349;0.0073346342776394735;-0.008040935672514626;0.00742206828302816
2017-05-30;0.007131340692049903;-0.039039039039038936;-0.009953239812959258;-0.015475313190862261;0.0
2017-05-31;-0.018902776922603337;0.09062499999999996;-0.01949935901761013;-0.029940119760478945;-0.029223968565815328
2017-06-01;-0.017509727626459193;-0.028528715584900888;-0.018510872557115365;-0.010802469135802517;-0.017708069820389527
2017-06-02;0.01718300862344302;-0.03064888432931523;0.010516721587323863;0.017940717628705194;0.01545197012619104
2017-06-05;-0.019341873901029927;-0.040746130440534434;-0.0034690904044959447;0.009961685823754785;-0.007608419984783121
2017-06-06;0.008644979508196649;0.08371259136670783;0.015247510965675781;0.0;0.012777919754663802
2017-06-07;0.021966859247032122;-0.025324510053448712;0.0;-0.023520485584218598;-0.005046681806712083
2017-06-08;-0.017891532583711345;-0.028593811202506814;-0.013646962007955121;-0.002331002331002252;0.012427085975145857
2017-06-09;0.01094313365804278;-0.026747311827957088;-0.003476326218452286;0.0007788161993769194;-0.014779559118236474
2017-06-12;-0.02346389688399453;-0.03977351194586376;-0.013884043814972435;0.0038910505836575737;-0.002542588354945252
2017-06-13;0.011084769654642113;-0.027182511146267796;0.003537568982595163;0.0031007751937983663;0.0
2017-06-14;0.020088719898605945;-0.005913660555884048;0.0014100394811056294;-0.02472952086553326;0.005098139179199546
2017-06-16;-0.012548922159408726;-0.02067221891731119;-0.025978597578147022;-0.02694136291600635;0.00760841998478301
2017-06-19;0.02422145328719738;-0.040850417615793444;-0.0013733285146367846;0.0008143322475568926;-0.0025169896803423075
2017-06-20;-0.039004914004914126;-0.05351488283723882;-0.02019397799652578;-0.034987794955248175;-0.020186727226848333
2017-06-21;0.019686800894854528;0.05319504851120782;-0.013223018394031172;-0.018549747048903775;0.010301313417460767
2017-06-22;-0.003008838462985053;0.0015883100381193227;-0.012651594550082357;0.03436426116838476;0.022686719347438045
2017-06-23;-0.004275385099025475;-0.012527751347922611;0.01880354841155496;-0.009136212624584639;0.04237288135593231
2017-06-26;0.0024625876112900347;-0.012847277982977356;0.029619706779787203;0.02849958088851623;0.042802486848397825
2017-06-27;-0.010267069790879324;-0.0032536196518627714;-0.015106613661004853;-0.004889975550122161;-0.0022930520522815856
2017-06-28;0.009164386177050954;-0.0016321201240411254;0.004403346543373043;-0.01064701064701068;0.029648356699609302
2017-06-29;0.0;0.024358345594245545;-0.0014613473622679951;0.008278145695364225;0.004464285714285587
2017-06-30;0.024216434382291707;0.036546441110756556;0.01968388701887891;0.015599343185550119;0.017777777777777892
2017-07-03;-0.0011698787020503199;0.030638953040800665;-0.00853964836742016;-0.0008084074373484462;0.0216157205240175
2017-07-04;0.0011712489212178934;-0.01777711383328351;-0.002171395483497429;0.005663430420711935;-0.006197905535370807
2017-07-05;-0.0023397574041007507;-0.02281368821292784;0.008631945451907708;-0.017699115044247704;0.014838709677419404
2017-07-06;-0.010677035116953504;-0.02474708171206219;-0.015749730312837107;-0.003276003276003303;0.021190930281839382
2017-07-07;0.0018091079226449924;0.006383657835939971;0.043621218763700176;-0.019720624486442073;0.0020751193193608852
2017-07-10;0.011333208792577265;0.01887091658737705;0.016733179304067924;0.00419111483654655;0.014495754814661588
2017-07-11;0.005910966073517709;0.017120622568093546;0.01990084010466875;0.02921535893155247;0.016125739946927897
2017-07-12;0.01530268715186378;0.004590665646518666;0.026196745662008025;0.04947283049472828;0.014061872237846496
2017-07-13;0.031289564116476765;0.09383092155369388;-0.004605566155668206;-0.005409582689335446;-0.009904912836766977
2017-07-14;0.0011107213843095654;-0.009608689597549125;-0.00389979509551186;0.013986013986014179;-0.004001600640256231
2017-07-17;-0.0005255474452554587;0.008295838020247581;-0.010617120106171218;-0.01226053639846747;0.0
2017-07-18;-0.002278569759289417;-0.015200111560451868;-0.002615694164989968;0.0038789759503490284;-0.014061872237846385
2017-07-19;-0.007319786847807208;0.0;-0.019433797323650026;0.022411128284389514;0.014262428687856543
2017-07-20;-0.007904672015101255;-0.005664117813650504;0.0136469620079549;-0.009826152683295564;-0.015869827239855305
2017-07-21;0.008562254727078056;-0.015522643121617774;-0.00602124348826194;-0.0312977099236641;0.005919575423555701
2017-07-24;-0.0028298549699327102;-0.002893099956603584;0.01756057718486237;0.01497241922773851;0.02029220779220764
2017-07-25;-0.01992432304599756;0.010155229943420885;0.013311036789297681;0.026397515527950333;0.00994431185361977
2017-07-26;-0.014477891053869762;0.06706879218727546;-0.0025744273549409558;-0.018154311649016708;-0.025600630169357985
2017-07-27;0.0029381159331580697;0.05760430686406459;0.021045665122435553;0.0015408320493066618;0.010105092966855356
2017-07-28;0.0006103143118705301;-0.029142275388139516;0.0032408607726210903;0.010000000000000009;0.02400960384153672
2017-07-31;0.0011588899054590929;0.003932363350373613;0.007688331825817185;0.012185833968012094;0.0056662758890191345
2017-08-01;0.01638844888509805;0.0;0.014682310700775858;-0.012791572610985735;0.021371672819117782
2017-08-02;-0.006353773302164023;0.0013056534795665709;0.015733602931884194;0.029725609756097615;0.04165874072665021
2017-08-03;-0.010436146467997731;0.007693310731516467;-0.0037325038880248185;-0.014803849000740166;0.0036523009495983416
2017-08-04;-0.0040843696659351725;0.007763975155279601;-0.0012488292226039421;0.0067618332081142984;-0.001819505094614371
2017-08-07;0.004713227642774154;0.015408320493066174;-0.007439824945295381;0.011194029850746245;0.05267954794021157
2017-08-08;-0.005848665773120487;0.07536671724835609;-0.015684051398337062;-0.0044280442804428555;0.010216450216450124
2017-08-09;-0.007047432283368127;-0.036218250235183436;-0.008894861457733438;0.002223869532987255;-0.006684950291395264
2017-08-10;-0.0154292414984879;-0.03513909224011702;-0.019950929752066027;-0.02440828402366868;0.011906816220879968
2017-08-11;-0.0120353538519401;0.056525037936267175;0.03742011990249683;-0.0181956027293404;-0.003410641200545683
2017-08-14;0.02740942833576554;0.02381807301017358;0.03537181685400381;0.010038610038610063;-0.010095824777549667
2017-08-15;-0.003581794602606103;0.010521393500116938;0.0066854759568204525;0.005351681957186605;-0.019014693171996555
2017-08-16;0.020266501394483827;0.0010411846367421873;0.0018278194114422774;-0.001520912547528508;0.036828193832599165
2017-08-17;-0.003523265702830791;-0.04137293424245936;0.017575868150580654;-0.006092916984006047;0.010197144799455993
2017-08-18;0.008839307485978942;-0.020373719107896426;0.007112120487688278;0.04214559386973171;0.010094212651413192
2017-08-21;-0.007553326484983969;-0.02079744031503805;0.006527802504302294;-0.01911764705882346;-0.0033311125916055673
2017-08-22;0.004688261081344569;0.003770265175317311;0.005306290902659105;0.033733133433283324;0.03826871657754016
2017-08-23;0.025574207623780376;0.01990734944284478;0.004046683478974966;-0.00217548948513413;0.03846772895541606
2017-08-24;0.00797730898776794;0.029339553154922537;0.025000000000000133;0.0029069767441860517;0.04169249845009304
2017-08-25;-0.003400164145855311;0.05342874180083479;0.00906086163665365;0.005797101449275477;-0.01934235976789167
2017-08-28;0.006235294117647117;0.024680176610438087;-0.00615575760998488;-0.0007204610951009327;-0.018054923380367294
2017-08-29;-0.005612065941774769;-0.019776820240857362;0.011876349585180135;-0.0014419610670511895;0.006025957972805918
2017-08-30;-0.0203409758965315;-0.003381424706943137;0.002807884539787864;-0.028880866425992857;0.0030717247734601827
2017-08-31;0.006901104176668227;-0.024655055417326377;-0.009464075712605768;0.014869888475836479;0.05037513397642024
2017-09-01;0.005185052744502094;-0.003478664192950065;0.005031659882406281;0.02710622710622701;0.10306122448979593
2017-09-04;-0.0028459622909995375;-0.006981615080288384;0.014006862800247433;0.010699001426533572;0.0788952028544998
2017-09-05;0.006837911761208071;-0.08272791188188422;0.0011095084877399408;0.016937191249117856;-0.01580107790298868
2017-09-06;0.0005905628063544999;0.012646908533469503;0.031419705197827774;0.0423317140874393;0.0322339763534536
2017-09-08;0.03004190521159189;0.02762709726252055;0.005372589050663512;-0.020639147802929303;-0.02399324813117909
2017-09-11;0.02091450836580333;-0.007242818561257192;0.013840645540533325;0.01903467029231809;0.04916615194564544
2017-09-12;-0.004826850760509593;-0.006182762458266211;-0.008433480919249448;-0.008005336891260928;-0.0035323207347228713
2017-09-13;0.0027071231177033805;0.023516237402015694;0.009515203061875255;0.010759919300605159;-0.0047264563393594194
2017-09-14;0.010236796220259858;0.038657913931436916;0.02253699120636088;0.0006653359946773296;-0.0035616763623411707
2017-09-15;0.02839485552029397;0.030313670411985072;0.020546887069365027;0.0;0.029667580126295556
2017-09-18;-0.01927345568729366;-0.039531977734863166;0.011555151882127301;0.0;0.07139551029854219
2017-09-19;0.0;-0.009461856889414588;-0.000997655509552553;0.0066489361702128935;-0.010692299384382764
2017-09-20;-0.013248688931824404;-0.010746268656716351;-0.02236980076896189;0.048216644649933915;0.01626637554585142
2017-09-21;-0.011860139860139896;-0.010742305371152727;-0.015782215639205344;-0.012602394454946375;0.01815447416478677
2017-09-22;-0.014097265470191855;0.009760858955588203;0.008770108977685487;0.0012763241863433805;-0.012555391432791718
2017-09-25;-0.010508786034225337;-0.010874818753020765;-0.02608158855908238;0.009560229445506607;-0.12447911101613407
2017-09-26;-0.018397075039173538;0.018201807964818073;0.0;-0.017676767676767624;0.015865267268733163
2017-09-27;-0.016495211067754534;0.008398320335932574;-0.02207901964927106;-0.016066838046272514;-0.04673234022104744
2017-09-28;0.005770964833182957;-0.023676383105294407;0.006967700118829079;0.0019595035924231397;-0.04763705103969751
2017-09-29;0.017273324965632497;0.030343650987082693;0.027785227699404613;-0.0026075619295957697;0.02500992457324336
2017-10-02;-0.010164512338425302;0.019988172678888194;-0.006784614581702542;0.006535947712418277;0.01420087787245028
2017-10-03;0.015373657030925303;0.014958256029684591;0.027218748357942246;0.03766233766233773;0.09750509164969445
2017-10-04;0.016836197825324195;-0.0022849308808408075;0.028492506010537655;-0.020025031289111372;0.04163767107399674
2017-10-05;-0.011613199954007003;-0.001145081873353937;0.007460459564309074;0.015325670498084198;-0.006680770515532841
2017-10-06;-0.020649139134481187;-0.02281325232144904;-0.01673578199052128;-0.013207547169811429;0.04349288196390533
2017-10-09;-0.0017223971016214756;-0.017480056311590886;-0.01451021740221925;0.012746972594009032;-0.01815447416478666
2017-10-10;0.013743455497382318;0.008358208955223878;0.011157530059099363;0.01887979861548139;0.02943107221006569
2017-10-11;0.021421444920476373;0.012907045589106048;-0.003980450445911221;-0.006794317479926093;0.026464023806993087
2017-10-13;0.014364513904849385;0.0058452186111759286;-0.03222379603399439;0.0;0.06388486229032941
2017-10-16;0.012518409425625876;-0.011622501162250054;-0.032251319847368176;0.0024875621890549926;-0.00389294403892948
2017-10-17;0.0026853146853147436;-0.032690498588899164;-0.03278599978394725;0.0006203473945407545;-0.03204689789936488
2017-10-18;0.015566590414551218;-0.014587892049598983;0.022225945161110205;0.0018598884066955979;-0.02917129302513366
2017-10-19;0.000494451159213094;-0.012213175425610734;0.0;-0.0006188118811881749;0.044499896028280306
2017-10-20;-0.005985393443523002;-0.01236418134132622;0.01032504780114718;0.004334365325077361;0.0009954210631095695
2017-10-23;-0.02662689205612634;-0.023899848254931744;-0.030712663566562215;-0.0012330456226880004;-0.0445505171042162
2017-10-24;0.0077752553916004;-0.001295504599041375;-0.000557848934508387;0.019135802469135932;0.03830141548709398
2017-10-25;0.031593174522723366;0.03217019068621085;0.0016744809109177083;0.012719563900666087;-0.010926222935043972
2017-10-26;-0.020962987225679686;-0.041221565916802816;-0.020505962331438865;0.0005980861244019309;-0.013175230566535023
2017-10-27;0.017564402810304358;0.002621575566915668;0.006257822277847325;0.0179318589360431;-0.0664475711204684
2017-10-30;-0.026960381390760957;-0.020787030984442345;-0.029285391225689628;-0.014679976512037562;-0.04488448844884485
2017-10-31;0.00833474122881106;0.001335113484646211;0.019103086779266087;-0.0005959475566150729;0.010366275051831408
2017-11-01;-0.015414688634459606;-0.013333333333333308;-0.028403246085266898;0.007751937984496138;-0.03636570907432746
2017-11-03;-0.006126269215497193;-0.021486486486486545;-0.07205458502441042;0.002366863905325589;-0.016443866083047376
2017-11-06;-0.015695451172878405;0.030244441375500752;-0.005641480730223192;0.02892561983471076;0.06218426750060124
2017-11-07;-0.03768989910703924;-0.047989276139410175;-0.026008797093134417;-0.05335628227194489;-0.08673989355678857
2017-11-08;0.01602795854422734;0.05885666009574764;0.03128476994567708;0.027272727272727337;0.08022318660880345
2017-11-09;-0.00877713201280983;0.05811170212765959;-0.024687440502633717;-0.013569321533923318;-0.02628558310376483
2017-11-10;-0.024709824099557243;-0.02500942566293829;-0.008394065590838107;0.0;0.010491571378050013
2017-11-13;-0.0036194098521561413;0.02565094096416609;0.0078089113458887915;-0.004784688995215225;0.040713952403173215
2017-11-14;-0.013298854820834927;-0.02626618072137732;-0.012306289881494958;-0.07752403846153855;-0.07588835332361843
2017-11-16;0.03806314738549843;0.0077439339184304234;0.007251631617113841;0.029967426710097778;0.038573508005822266
2017-11-17;0.009437364751142097;-0.015240778688524581;0.005170495451273016;0.013282732447817747;0.015183368371875838
2017-11-21;0.0;0.015476654961633418;0.019468680817814832;-0.0074906367041197575;0.07098481362172104
2017-11-22;-0.0011909724289882462;0.008965163934426368;-0.010793894104873303;0.013207547169811207;0.0010742292405201415
2017-11-23;-0.014606808561378415;-0.0012693577050012506;-0.013494318181818121;0.004965859714463283;-0.012769610473226889
2017-11-24;-0.00895450145208132;-0.00254194204372149;-0.0032724654754893168;-0.005558987029030238;-0.006521739130434634
2017-11-27;-0.009035409035409003;0.003822629969419067;0.013067174469761689;-0.014285714285714457;0.023960612691465988
2017-11-28;-0.007269590931493264;-0.006346788525006364;0.007129893699766576;-0.001890359168241873;-0.013783523880756432
2017-11-29;-0.023147573538538024;-0.008942258559018978;-0.013450894581027106;-0.032196969696969724;-0.03997833152762731
2017-11-30;-0.010672765389746486;0.014178912090745177;-0.037053950029356186;0.003261578604044413;-0.038144678930143394
2017-12-01;0.03917035895460086;0.027834265378749334;0.018901158458099143;0.014954486345903684;0.037310806054206225
2017-12-04;0.0072916022987083995;0.07988129096080132;0.009242021276595791;-0.008327994875079958;0.011310937676733523
2017-12-05;-0.013864180111649582;-0.001145081873353937;-0.0006588049278608565;-0.010981912144702788;-0.04238899451962885
2017-12-06;0.0042923794712286245;0.002292789178035104;0.016415057024194102;0.013716525146962644;0.029081990189208096
2017-12-07;-0.024962834489593577;-0.021617293835068052;-0.015501362044363698;-0.01675257731958757;-0.01237090001134944
2017-12-08;-0.0019058509624546582;0.020925882628010317;0.006588049278608565;0.00589777195281771;-0.009193288899103647
2017-12-11;-0.0075106613200942585;-0.020496965533035594;-0.007853917141174116;0.001954397394136942;0.03235908141962418
2017-12-12;0.028410184056948617;0.030278232405892114;-0.001979022362952776;0.007152145643693153;-0.006740815638692332
2017-12-13;-0.021514093290097347;-0.02258027913309879;-0.01117059951087307;-0.020012911555842505;-0.02137767220902609
2017-12-14;-0.02759543687464161;0.010332017645692915;-0.0020053475935829512;-0.011198945981554687;-0.0034674063800276267
2017-12-15;0.018088871411718443;0.008043203493048434;0.02203616878767578;-0.003997335109926725;0.001159823706796459
2017-12-18;0.0037981202523496016;0.020403510771685784;0.011730781833672044;0.018060200668896353;-0.014944392956441122
2017-12-19;-0.022061181299300903;0.005585344057194019;-0.012890270760461231;-0.005256241787122251;0.006938727507938225
2017-12-20;0.0064266509279296;-0.007776049766718529;0.005249688299757249;0.006605019815059343;0.04543330997430517
2017-12-21;0.022414804196259963;0.022279444693237727;0.018147398655264713;0.04068241469816258;0.0065914422969499675
2017-12-22;-0.003122809253712444;0.0;0.010835417067384778;-0.0069356872635560896;-0.010987791342952247
2017-12-26;0.01067638409410554;0.03373124520863002;0.03666116960548016;0.013968253968253963;0.004488834025361932
2017-12-27;0.0043646024416472695;0.027439347388494628;0.04081008321096413;0.0050093926111458575;0.012177410345212802
2017-12-28;0.000629802242096078;0.006186842647968538;-0.0023514196696254874;0.0031152647975078995;0.0
2018-01-02;0.025365055387714053;0.029514244722279148;-0.02639797301278657;0.02795031055900621;0.054966887417218446
2018-01-03;-0.007243263151433421;-0.02179972128210228;-0.009017732857229399;0.009063444108761143;0.03337518309269738
2018-01-04;0.0036480554009770128;0.0020352091177369136;-0.014596311225112846;0.001796407185628901;0.05639364179406692
2018-01-05;0.004250862493839325;0.00812430181781254;0.007127362875735788;0.005977286312014218;-0.042936553574851266
2018-01-08;-0.013864180111649582;0.002014707363755308;0.017846153846153845;0.011883541295306221;0.011015421590226282
2018-01-09;0.0006220839813375623;-0.03408062732482142;-0.013301088270858408;0.0;0.010796354992075985
2018-01-10;-0.024494870997824103;0.002081598667776907;-0.019607843137254943;-0.01350557839107458;0.0
2018-01-11;0.0;0.010386373078520972;-0.018124999999999947;0.02678571428571419;0.05369916707496336
2018-01-12;0.006946657319482519;0.004111842105263275;0.0006365372374284028;0.0028985507246377384;0.020366409374128036
2018-01-15;0.0012025316455694934;-0.0030712530712532216;0.00190839694656475;0.0028901734104047616;0.025428363106088314
2018-01-16;-0.006827233074151229;-0.009242144177449174;-0.009523809523809601;0.01729106628242061;-0.030130655052884037
2018-01-17;0.004391827382088875;0.006218905472636926;0.01602564102564097;0.04022662889518425;0.017320381231671567
2018-01-18;-0.008745247148288948;-0.012360939431396933;0.021451104100946417;-0.007625272331154731;-0.019727952436717544
2018-01-19;0.006329113924050667;0.006257822277847325;0.01914762198888198;0.002195389681668658;0.04576364638853159
2018-01-22;-0.01689854520043199;0.005182421227197365;-0.00848484848484854;0.011500547645125758;-0.015729349736379628
2018-01-23;-0.005751211631664033;-0.023613116106413812;-0.028117359413202925;-0.009745533297238707;-0.04713864833497017
2018-01-24;0.019823215910568237;0.0388636603654029;0.037735849056603765;0.05740841990158563;0.054155345263749544
2018-01-26;0.00318654005480834;0.01514689437836747;0.036363636363636376;0.030506721820062088;0.00968802773086841
2018-01-29;-0.01937615145162308;0.014019627478469632;-0.002339181286549863;-0.004014049172102241;0.012323943661971981
2018-01-30;0.0018787250583052195;-0.001975113569030129;-0.009964830011723214;-0.01813602015113369;0.0025217391304348524
2018-01-31;-0.003168444875525367;-0.010884622996239823;0.00059206631142672;0.010774756285274467;0.024199843871975046
